One,SomyingYupaphin,1
,gkk99htoo,2
,TunWaiSoe9,3
Two,testbank99,4
,Arkarhtet,5
,AungZinOo,6
,OOsoe345,7
,JuuJuu,8
,ZMA564,9
,KOMYO7953,10
,thetkhing,11
,Tun778018,12
,Wai32,13
Three,kokogy,14
,ayelwinoo,15
,htwe111,16
,WaiZinHtet,17
,MiNpaingoo,18
,Kyawtheinsoe,19
,tinyu,20
,YinHtwe,21
,NIGHTMARE3,22
,NgweZinTun,23
,saiminkhant,24
,Ethan,25
,testthb,26
,thuya111,27
,Hlawin,28
,kyithar007,29
,soewin99,30
,Zawmaung,31
,Min1111,32
,WintLuu,33
,kyipyar,34
,Sp135,35
,kyawlynn,36
,zarniii,37
,Heinzawhtet,38
,Tinkokotun246,39
,soethein,40
,AungSanLin,41
,koko123456789,42
,Boss654321,43
Four,saikoaung,44
,hsumyat,45
,deerr,46
,9698103086,47
,mm1420,48
,testads,49
,TZA709,50
,GGGG999,51
,Phyothura,52
,mgmgsoe90,53
,mgtheinaung,54
,kyawkyawwin12345,55
,NoNo1,56
,Aungmoewin,57
,MgPhyu,58
,gamer22,59
,gamer21,60
,winner22,61
,winner21,62
,yongzheng11,63
,yongzheng9,64
,yongzheng8,65
,yongzheng7,66
,yongzheng6,67
,yongzheng5,68
,yongzheng4,69
,yongzheng3,70
,yongzheng2,71
,yongzheng1,72
,yongzheng,73
,yongzhengw,74
,yongzhengwa,75
,yongzhengwan,76
,yongzhengwang,77
,yongzhengwangc,78
,yongzhengwangch,79
,yongzhengwangcha,80
,hnin834,81
,Kohtet08,82
,yiwaiyan,83
,test2222,84
,Hayman,85
,Thet111,86
,channyeinaung,87
,MgAung,88
,khainghtoo,89
,naylinko,90
,tzh189234,91
,Mckoko,92
,naykha,93
Five,Aungkhant22,94
,santun,95
,Thansoeaung,96
,Bagyilin,97
,saithtetthu,98
,sai145,99
,Warrte,100
,htet1991,101
,A6872242,102
,hteat111,103
,Kaung1800,104
,Sumyat332,105
,aungkyawthet,106
,seinkyaw85,107
,khing234,108
,ThetNaing123,109
,minkhant674,110
,Shinehtetko,111
,aunglay1,112
,Karkuzar,113
,myatminthu,114
,mgmg99,115
,painglay8888,116
,Eikhin,117
,Thandarwin,118
,Kyawthulwin,119
,Zinmoeaung,120
,phyusin666,121
,Aung726,122
,Sein199666666666,123
,Sawaung,124
,Hanwinaung,125
,9693290634,126
,winnin7980,127
,PTOJADE,128
,klay153,129
,KyawLinThu,130
,linlin12345,131
,testtran123,132
,zintun,133
,thantzinhtet,134
,PeBee,135
,Thihanlin,136
,aung9680,137
,Oomyominko,138
,khunzaw123,139
,tha123456,140
,gkk99marmarsoe,141
,KoPcpc11,142
,AA3399,143
,AungZawLatt,144
,Ohnmarwin,145
,LinHtet1998,146
,minkhant2006,147
,Aungsanmin,148
,chankoko,149
,zinMinHtut,150
,thathtar,151
,kyaw5678,152
,phyophyo123,153
,naymyohein,154
,bomin,155
,65432,156
,kyallay,157
,Kolin7890,158
,tuntun890,159
,kyawko50,160
,WarZinTun,161
,kyawzinaung,162
,Kalayar,163
,kophyo222,164
,Lin27794,165
,thanhtikeoo,166
,test1212,167
,Zin22,168
,Sataung98jk,169
,ThetNaingWin,170
,asky25600,171
,aung2929,172
,Humhum12345,173
,Maegyii9930,174
,Win11111,175
,myokolay,176
,testnoe12,177
,kokosann,178
,Jmhline27,179
,ZinMinHtike,180
,Aungthapyay,181
,Santhu,182
,gkk99com,183
,TNM101573,184
,KyawSiThu,185
,Pyone,186
,Mercury,187
,Mawai,188
,9977305605,189
,Tinmin,190
,sawwin,191
,Like12,192
,BoBokhant,193
Six,Tta1985,194
,taetae,195
,Kophyo1122,196
,kaungkaung10692,197
,tunmyint,198
,LinHt,199
,nyithaw123,200
,Kyawsoenim,201
,PHYOMINZAW,202
,HeinHein,203
,m1y2a3t,204
,kkk111,205
,kaungsithu3,206
,ThuRa258,207
,akk6789,208
,ThaeSuWin,209
,AaKyawzinsoe,210
,Admin,211
,Punk99,212
,saraungsaraung,213
,testpoe,214
,Myint1234,215
,Utinzaw,216
,jipsilay,217
,Lin6543,218
,ck124,219
,myogyi33,220
,Aung77777,221
,Aungthu8,222
,Zawmwin,223
,yanaungsoe,224
,thet123456,225
,aungnyeinchan,226
,171997,227
,pyae440595,228
,NayNay77,229
,babylay12345,230
,chitkoung,231
,AungZawHtay,232
,Zweko,233
,lee234,234
,Lofi5850,235
,Kyawmin12345,236
,lin2345,237
,So4141,238
,Ac211731,239
,waiyan2005,240
,htike35,241
,zawzawhtun,242
,th6395,243
,May-99,244
,minko2949,245
,Unaingwin,246
,kaungmin,247
,testagentacc,248
,gkk995,249
,Zaw1994,250
,TA234,251
,zawminthein,252
,thandar7777,253
,Saith,254
,thardaka1995,255
,yeminhtwe,256
,mmmmmm,257
,thuthu12345,258
,kyawthuhein,259
,Minpyaesone,260
,mgtinnaingtun,261
,yenaingwin,262
,Minmin2,263
,ShineYan16,264
,Mgmgkoko,265
,Aungko22,266
,zinminkhant,267
,mya1113,268
,KyawZinMin,269
,Dminkhant,270
,mAungsan,271
,zxcvbnm,272
,wana12345,273
,htweko,274
,kyawminoo,275
,hninyu,276
,testfree300,277
,soeminoo,278
,chit123456,279
,Moezaw,280
,Gkk90,281
,NaingLinThan,282
,zaw2580,283
,Kaung007,284
,Winmyint22,285
,jkk99,286
,test4,287
,tayzarwin,288
,ngala,289
,heinhtet03,290
,Thetswe,291
,ZawminNaing,292
,myominko,293
,Shoon,294
,kolay777,295
,chit5564,296
,soemoe99,297
,Bagyisan,298
,zawtunoo900,299
,myosithu,300
,aungmyokhaing,301
,kyaw7224,302
,mattar,303
,minmin18,304
,Pyaesonenaing,305
,785523kaungmyat,306
,winmoe,307
,yehtutlin,308
,thandarsoe,309
,TinWinHlaing,310
,Wai890,311
,KyawThetAung,312
,Ngalay,313
,ThetKoOo,314
,thantoe2023,315
,chitphoowai,316
,123mc,317
,mgsoe,318
,Angle,319
,Htinlinkyaw,320
,ThanToe,321
,Aung222,322
,AungAungoo,323
,wailay,324
,soe1234567,325
,aung2277,326
,MyoMinHtet,327
,aungaung23,328
,htetyan,329
,chitsanko,330
,akm123,331
,Soesan,332
,nayye,333
,zawmin900032,334
,Aungo,335
,yewinnaing,336
,khinzaw,337
,kaunggyi,338
,Mawmaw,339
,chitkhon25,340
,HsuMyatMon,341
,devilking,342
,Htet222,343
Seven,phocho,344
,thiha890,345
,waiyan1996,346
,kyaw122,347
,Koko202020,348
,KyawNaingOo,349
,mgaye,350
,test1122,351
,lumin,352
,Tin1234,353
,Code13,354
,kyawkyaw12345,355
,Lusoelay,356
,gkk55,357
,thanhtay,358
,myohein,359
,AungKhantZaw,360
,Koko0000,361
,Saibobo,362
,mamalay,363
,ngehtwe,364
,Ingyin,365
,Kyawminnaing,366
,SSFGBL,367
,tuntunlay,368
,mgmgaye,369
,Kyawlay111,370
,naingkoko,371
,UKoKo,372
,mm123654,373
,Daw123,374
,MgMyo,375
,myint99,376
,Aung2007,377
,HeinHtet23,378
,Aungoo,379
,Aungwaiphyo,380
,Saitai,381
,Naychi,382
,win2002,383
,zarnikyaw,384
,kyawkhing,385
,kyawsanthu12,386
,myatminkhant,387
,htaylwin,388
,winkyawsoe,389
,tuntunlin99,390
,At078987,391
,kokokoko,392
,htainlin,393
,Nwenwewin,394
,Zawoo4567,395
,Kolat,396
,thantzinhtun,397
,AungHtetPaing,398
,JACKJACK,399
,Lawemon,400
,kosai1981,401
,yarzartun,402
,khunsan,403
,zinlay123,404
,phyomin,405
,kommg,406
,Yanmyoaung,407
,tunminkyaw,408
,Aung2468,409
,B245303,410
,Kyaw23456,411
,pandar,412
,NanMin,413
,waihtet,414
,Naing2002,415
,lukalay,416
,MayMay,417
,MyintMyint,418
,zmlo0896,419
,aungthan,420
,master,421
,moe111,422
,chuchu258,423
,Kgg99,424
,Kochan,425
,Zinkohlaing,426
,ThanTun,427
,Zawtunlin,428
,Kyawlinoo,429
,August,430
,Thuth,431
,heinhtetko,432
,thetaung,433
,paing890,434
,Naing777,435
,Naing4689,436
,zinmg,437
,PSL232,438
,kyawsoewin,439
,htet777,440
,myintzawoo,441
,myintaye,442
,Tay19,443
,qwe12345,444
,kyawzinlatt,445
,kokohtun,446
,myothuaung,447
,258258,448
,zinminkoko,449
,G1K1K1919,450
,khinyuthet99,451
,hlaminhtet,452
,Hninyuhlaing,453
,tayzaraung,454
,phyohtet,455
,good777,456
,kokothu,457
,mylovegame,458
,paingphyo,459
,Naing13579,460
,lawoon,461
,zawwin,462
,zaw112233,463
,123Aung,464
,Aungsoeoo,465
,YeNaing,466
,zinlay007,467
,Thawzinoo,468
,Devil,469
,chanchan,470
,kokozaw123,471
,koye123,472
,Nannan,473
,wannasoe,474
,nyinyi123,475
,Tinzar,476
,KyawZinSoe,477
,Qwert890,478
,thuya12345,479
,ThinThinAye,480
,YANMYO,481
,Sawgyi,482
,Mmm123,483
,MKMK1111,484
,Komyo1234,485
,Kyaw2222,486
,Thinzar,487
,soeminthu,488
,NayNaing,489
,htikegyi,490
,sanminaung,491
,chitthu,492
,myintsoe,493
,phyowaioo,494
,Myanmar,495
,ange12,496
,ayemin12,497
,gtl4thar,498
,toegyi,499
,ayetun,500
,MKMK1900,501
,hanzaw,502
,test234,503
,paingsoethu,504
,koaunglay,505
,chochowin,506
,aung1357,507
,testrefer1,508
,testrefer,509
,sai785,510
,HeinMinZaw,511
,soe456,512
,Fullmoon,513
,Thuzarnaing12345,514
,Myat123,515
,htetshar,516
,Yesiam,517
,koko777,518
,Moethandar,519
,KKX10,520
,kyawzaw,521
,kohyo,522
,Archit,523
,painted,524
,chitphyo,525
,hlaingwin,526
,myatthu123,527
,Gkk99999,528
,NaingAung,529
,koko1122,530
,Zawwintun,531
,AungKyawphyo,532
,kokyaw123,533
,phyosithu12345,534
,zayaroo,535
,gkk991234,536
,myo99,537
,Shanlay,538
,Ayeaung567,539
,KoMyoLay,540
,pyae12,541
,Kavan,542
,naygyi,543
